{"stats":{"minecraft:picked_up":{"minecraft:wheat":16,"minecraft:wheat_seeds":42,"minecraft:dirt":3},"minecraft:custom":{"minecraft:jump":19,"minecraft:time_since_rest":9782,"minecraft:sprint_one_cm":1678,"minecraft:leave_game":2,"minecraft:play_time":9782,"minecraft:damage_taken":20,"minecraft:time_since_death":9782,"minecraft:walk_one_cm":6622,"minecraft:total_world_time":9782,"minecraft:fall_one_cm":695,"minecraft:fly_one_cm":183},"minecraft:mined":{"minecraft:wheat":16,"minecraft:grass_block":1,"minecraft:dirt_path":1,"minecraft:dirt":1}},"DataVersion":3465}