{"stats":{"minecraft:picked_up":{"minecraft:stick":4,"minecraft:crafting_table":1,"minecraft:pumpkin":14,"minecraft:torch":1,"minecraft:oak_log":16,"minecraft:spruce_sapling":2,"minecraft:string":1,"minecraft:dirt":19,"minecraft:rose_bush":2,"minecraft:oak_sapling":6,"minecraft:sugar_cane":7,"minecraft:cobblestone":65,"minecraft:furnace":1},"minecraft:mined":{"minecraft:furnace":1,"minecraft:pumpkin":14,"treechop:chopped_log":1,"minecraft:crafting_table":1,"gravestone:gravestone":1,"minecraft:grass":1,"minecraft:rose_bush":2,"minecraft:spruce_leaves":1,"minecraft:stone":65,"minecraft:sugar_cane":4,"minecraft:oak_leaves":1,"minecraft:wall_torch":1},"minecraft:used":{"minecraft:rose_bush":1,"minecraft:stone_pickaxe":48,"minecraft:wooden_pickaxe":19,"minecraft:spruce_sapling":1,"minecraft:stone_axe":1,"minecraft:torch":3,"minecraft:crafting_table":1,"minecraft:oak_sapling":5,"minecraft:furnace":1},"minecraft:crafted":{"minecraft:oak_planks":52,"minecraft:charcoal":3,"minecraft:crafting_table":1,"minecraft:stick":20,"minecraft:wooden_pickaxe":1,"minecraft:stone_pickaxe":1,"minecraft:furnace":1,"minecraft:torch":12,"minecraft:stone_axe":1},"minecraft:custom":{"minecraft:time_since_rest":2767,"minecraft:interact_with_furnace":3,"minecraft:sprint_one_cm":33750,"minecraft:damage_taken":5320,"minecraft:walk_one_cm":52648,"minecraft:mob_kills":2,"minecraft:damage_dealt":74,"minecraft:interact_with_crafting_table":7,"minecraft:fly_one_cm":7214,"minecraft:crouch_one_cm":160,"minecraft:play_time":18505,"minecraft:deaths":2,"minecraft:sneak_time":91,"minecraft:walk_under_water_one_cm":250,"minecraft:jump":94,"minecraft:walk_on_water_one_cm":1278,"minecraft:time_since_death":2703,"minecraft:total_world_time":18505,"minecraft:fall_one_cm":807},"minecraft:killed_by":{"minecraft:husk":1,"minecraft:skeleton":1}},"DataVersion":3465}