{"stats":{"minecraft:picked_up":{"minecraft:wheat":26,"minecraft:wheat_seeds":68,"minecraft:potato":1,"minecraft:hay_block":3,"minecraft:carrot":1,"minecraft:dirt":4,"minecraft:lantern":1},"minecraft:custom":{"minecraft:time_since_rest":19089,"minecraft:play_time":19089,"minecraft:sprint_one_cm":4542,"minecraft:damage_taken":30,"minecraft:walk_one_cm":40003,"minecraft:jump":79,"minecraft:leave_game":3,"minecraft:time_since_death":19089,"minecraft:total_world_time":19089,"minecraft:fall_one_cm":1030,"minecraft:fly_one_cm":2337},"minecraft:mined":{"minecraft:grass":1,"minecraft:hay_block":3,"minecraft:grass_block":1,"minecraft:potatoes":1,"minecraft:dirt_path":1,"minecraft:carrots":1,"minecraft:dirt":2,"minecraft:tall_grass":2,"minecraft:wheat":27}},"DataVersion":3465}