{"stats":{"minecraft:picked_up":{"minecraft:crafting_table":3,"minecraft:oak_log":24,"minecraft:lapis_lazuli":27,"minecraft:dirt":20,"minecraft:string":1,"minecraft:wheat_seeds":1,"minecraft:cobbled_deepslate":127,"minecraft:rose_bush":2,"minecraft:azalea":2,"minecraft:moss_block":1,"minecraft:sugar_cane":7,"minecraft:furnace":2,"minecraft:egg":1,"minecraft:stick":10,"minecraft:raw_iron":32,"minecraft:pumpkin":14,"minecraft:torch":2,"minecraft:gravel":8,"minecraft:spruce_sapling":2,"minecraft:carrot":16,"minecraft:rooted_dirt":28,"minecraft:oak_sapling":6,"minecraft:coal":35,"minecraft:cobblestone":91},"minecraft:used":{"minecraft:rose_bush":2,"minecraft:stone_pickaxe":132,"minecraft:wooden_pickaxe":19,"minecraft:torch":17,"minecraft:crafting_table":3,"minecraft:carrot":8,"minecraft:iron_axe":1,"minecraft:iron_pickaxe":131,"minecraft:spruce_sapling":1,"minecraft:stone_axe":10,"minecraft:cobblestone":15,"minecraft:furnace":2,"minecraft:oak_sapling":5},"minecraft:mined":{"minecraft:podzol":1,"farmersdelight:wild_carrots":16,"minecraft:crafting_table":3,"gravestone:gravestone":2,"minecraft:rose_bush":2,"minecraft:cobblestone":3,"minecraft:spruce_leaves":1,"minecraft:sugar_cane":4,"minecraft:moss_block":1,"minecraft:rooted_dirt":28,"minecraft:wall_torch":2,"minecraft:furnace":2,"minecraft:iron_ore":27,"minecraft:pumpkin":14,"treechop:chopped_log":2,"minecraft:deepslate_lapis_ore":4,"minecraft:grass":3,"minecraft:coal_ore":25,"minecraft:deepslate_iron_ore":2,"minecraft:vine":1,"minecraft:stone":88,"minecraft:oak_leaves":12,"minecraft:deepslate":128},"minecraft:crafted":{"minecraft:oak_planks":52,"minecraft:crafting_table":1,"minecraft:wooden_pickaxe":1,"minecraft:furnace":1,"minecraft:stone_axe":1,"minecraft:air":0,"minecraft:charcoal":3,"minecraft:shield":1,"minecraft:iron_axe":1,"minecraft:stick":20,"minecraft:iron_ingot":24,"minecraft:iron_pickaxe":1,"minecraft:stone_pickaxe":1,"minecraft:torch":56},"minecraft:custom":{"minecraft:interact_with_furnace":11,"minecraft:mob_kills":2,"minecraft:interact_with_crafting_table":11,"minecraft:time_since_death":26703,"minecraft:climb_one_cm":611,"minecraft:time_since_rest":26767,"minecraft:sprint_one_cm":42503,"minecraft:damage_taken":5470,"minecraft:walk_one_cm":102243,"minecraft:damage_dealt":74,"minecraft:fly_one_cm":8504,"minecraft:crouch_one_cm":224,"minecraft:play_time":42505,"minecraft:deaths":2,"minecraft:sneak_time":182,"minecraft:walk_under_water_one_cm":5523,"minecraft:jump":252,"minecraft:walk_on_water_one_cm":7632,"minecraft:total_world_time":42505,"minecraft:fall_one_cm":4979},"minecraft:killed_by":{"minecraft:husk":1,"minecraft:skeleton":1},"minecraft:broken":{"minecraft:stone_pickaxe":1}},"DataVersion":3465}