{"stats":{"minecraft:picked_up":{"minecraft:raw_iron":21,"minecraft:stick":10,"minecraft:crafting_table":1,"minecraft:pumpkin":14,"minecraft:torch":1,"minecraft:oak_log":24,"minecraft:spruce_sapling":2,"minecraft:carrot":16,"minecraft:string":1,"minecraft:dirt":20,"minecraft:wheat_seeds":1,"minecraft:rose_bush":2,"minecraft:azalea":2,"minecraft:rooted_dirt":28,"minecraft:oak_sapling":6,"minecraft:moss_block":1,"minecraft:sugar_cane":7,"minecraft:coal":25,"minecraft:egg":1,"minecraft:cobblestone":84,"minecraft:furnace":1},"minecraft:used":{"minecraft:rose_bush":2,"minecraft:stone_pickaxe":115,"minecraft:wooden_pickaxe":19,"minecraft:spruce_sapling":1,"minecraft:stone_axe":9,"minecraft:torch":9,"minecraft:cobblestone":14,"minecraft:crafting_table":1,"minecraft:oak_sapling":5,"minecraft:furnace":1,"minecraft:carrot":6},"minecraft:mined":{"minecraft:podzol":1,"minecraft:furnace":1,"minecraft:iron_ore":20,"farmersdelight:wild_carrots":16,"minecraft:pumpkin":14,"treechop:chopped_log":2,"minecraft:crafting_table":1,"gravestone:gravestone":2,"minecraft:grass":3,"minecraft:coal_ore":25,"minecraft:deepslate_iron_ore":2,"minecraft:rose_bush":2,"minecraft:cobblestone":3,"minecraft:spruce_leaves":1,"minecraft:stone":81,"minecraft:moss_block":1,"minecraft:sugar_cane":4,"minecraft:oak_leaves":12,"minecraft:rooted_dirt":28,"minecraft:wall_torch":1},"minecraft:crafted":{"minecraft:oak_planks":52,"minecraft:charcoal":3,"minecraft:crafting_table":1,"minecraft:stick":20,"minecraft:wooden_pickaxe":1,"minecraft:stone_pickaxe":1,"minecraft:furnace":1,"minecraft:torch":12,"minecraft:stone_axe":1},"minecraft:custom":{"minecraft:time_since_rest":14767,"minecraft:interact_with_furnace":3,"minecraft:sprint_one_cm":41364,"minecraft:damage_taken":5340,"minecraft:walk_one_cm":96198,"minecraft:mob_kills":2,"minecraft:damage_dealt":74,"minecraft:interact_with_crafting_table":7,"minecraft:fly_one_cm":8018,"minecraft:crouch_one_cm":224,"minecraft:play_time":30505,"minecraft:deaths":2,"minecraft:sneak_time":161,"minecraft:walk_under_water_one_cm":3443,"minecraft:jump":208,"minecraft:climb_one_cm":467,"minecraft:walk_on_water_one_cm":7422,"minecraft:time_since_death":14703,"minecraft:total_world_time":30505,"minecraft:fall_one_cm":3243},"minecraft:killed_by":{"minecraft:husk":1,"minecraft:skeleton":1}},"DataVersion":3465}