{"stats":{"minecraft:picked_up":{"minecraft:crafting_table":4,"minecraft:oak_log":24,"minecraft:lapis_lazuli":53,"minecraft:dirt":20,"minecraft:string":1,"minecraft:wheat_seeds":1,"minecraft:cobbled_deepslate":198,"minecraft:iron_ingot":1,"minecraft:rose_bush":2,"minecraft:azalea":2,"minecraft:moss_block":1,"minecraft:sugar_cane":7,"minecraft:furnace":2,"minecraft:egg":1,"minecraft:stick":10,"minecraft:raw_iron":32,"minecraft:pumpkin":14,"minecraft:torch":5,"minecraft:gravel":8,"minecraft:spruce_sapling":2,"minecraft:carrot":16,"alexsmobs:centipede_leg":2,"minecraft:diamond":2,"minecraft:rooted_dirt":28,"minecraft:oak_sapling":6,"minecraft:coal":44,"minecraft:cobblestone":197},"minecraft:killed":{"alexsmobs:centipede_head":1},"minecraft:used":{"minecraft:rose_bush":2,"minecraft:stone_pickaxe":132,"minecraft:shield":2,"minecraft:wooden_pickaxe":19,"minecraft:torch":32,"minecraft:crafting_table":5,"minecraft:carrot":21,"minecraft:iron_axe":4,"minecraft:iron_pickaxe":310,"minecraft:spruce_sapling":1,"minecraft:stone_axe":10,"minecraft:cobblestone":139,"minecraft:furnace":3,"minecraft:oak_sapling":5},"minecraft:mined":{"minecraft:podzol":1,"minecraft:deepslate_diamond_ore":2,"farmersdelight:wild_carrots":16,"minecraft:crafting_table":4,"gravestone:gravestone":2,"minecraft:rose_bush":2,"minecraft:cobblestone":110,"minecraft:spruce_leaves":1,"minecraft:sugar_cane":4,"minecraft:moss_block":1,"minecraft:rooted_dirt":28,"minecraft:wall_torch":2,"minecraft:furnace":3,"minecraft:iron_ore":27,"minecraft:fire":1,"minecraft:pumpkin":14,"treechop:chopped_log":2,"minecraft:deepslate_lapis_ore":8,"minecraft:grass":3,"minecraft:coal_ore":25,"minecraft:deepslate_iron_ore":2,"minecraft:vine":1,"minecraft:stone":88,"minecraft:oak_leaves":12,"minecraft:deepslate":193},"minecraft:crafted":{"minecraft:oak_planks":52,"minecraft:crafting_table":2,"minecraft:wooden_pickaxe":1,"minecraft:furnace":1,"minecraft:stone_axe":1,"minecraft:air":0,"minecraft:iron_chestplate":1,"minecraft:charcoal":3,"minecraft:shield":1,"minecraft:iron_axe":1,"minecraft:stick":20,"minecraft:iron_ingot":27,"minecraft:iron_pickaxe":2,"minecraft:stone_pickaxe":1,"minecraft:iron_leggings":1,"minecraft:torch":56},"minecraft:custom":{"minecraft:interact_with_furnace":13,"minecraft:mob_kills":3,"minecraft:interact_with_crafting_table":13,"minecraft:leave_game":1,"minecraft:time_since_death":138,"minecraft:climb_one_cm":611,"minecraft:time_since_rest":174,"minecraft:sprint_one_cm":49393,"minecraft:damage_taken":5940,"minecraft:walk_one_cm":141903,"minecraft:damage_blocked_by_shield":430,"minecraft:damage_dealt":132,"minecraft:fly_one_cm":10070,"minecraft:crouch_one_cm":6902,"minecraft:play_time":56783,"minecraft:deaths":3,"minecraft:sneak_time":2070,"minecraft:walk_under_water_one_cm":5523,"minecraft:jump":316,"minecraft:walk_on_water_one_cm":7632,"minecraft:total_world_time":56783,"minecraft:fall_one_cm":5188},"minecraft:killed_by":{"minecraft:husk":1,"minecraft:skeleton":1},"minecraft:broken":{"minecraft:stone_pickaxe":1,"minecraft:iron_pickaxe":1}},"DataVersion":3465}